Epoch,Training Loss,Validation Loss,Aux train loss,Aux val loss,Train MAE,Validation MAE,Best Epoch
1,9.067319869995117,3.849745035171509,5.780711650848389,2.462193012237549,60.702360617655096,45.50138814638414,Yes
2,8.409714698791504,3.7381014823913574,5.08778715133667,2.251420497894287,38.590338036348726,38.01245686722395,Yes
3,9.056014060974121,3.6723792552948,5.463050842285156,2.2025246620178223,40.85573244055753,31.899105754276828,Yes
4,8.016427993774414,3.633025884628296,4.809398174285889,2.18912935256958,34.98183417600437,25.4940798746112,Yes
5,7.7193145751953125,3.6502203941345215,4.61841344833374,2.218853235244751,36.73790226154687,47.18055319304044,No
6,7.844154357910156,3.473635196685791,4.710838794708252,2.103757381439209,31.65670265099754,27.855866665046655,No
7,7.34439754486084,3.5100862979888916,4.449884414672852,2.1217381954193115,30.482636990981142,37.91549013413686,No
8,7.045557022094727,3.3019444942474365,4.265648365020752,1.996353030204773,29.96577787646898,24.35429930501555,Yes
9,6.936398029327393,3.402052402496338,4.177934646606445,2.0078930854797363,29.31429779311287,30.970280909797822,No
10,6.788095474243164,3.3124053478240967,4.085945129394531,1.9787838459014893,27.64592229775895,36.564392374611195,No
11,6.3682122230529785,3.2148969173431396,3.8454530239105225,1.9259438514709473,27.585598011751845,19.060656225699844,Yes
12,6.2338080406188965,3.1891770362854004,3.7721378803253174,1.9342018365859985,25.793552712489753,31.14938520606532,No
13,6.257664203643799,3.127594470977783,3.804279088973999,1.8938230276107788,23.877088172998086,21.795281821053656,No
14,6.508030891418457,3.153928279876709,3.9290506839752197,1.919481635093689,28.760124863350644,26.176668205676517,No
15,6.050166130065918,3.186095714569092,3.6650609970092773,1.8947322368621826,24.21691377425526,39.91652592826594,No
16,6.295751094818115,3.2003417015075684,3.8166208267211914,1.93440842628479,25.794095039628314,25.17381597492224,No
17,5.811403274536133,3.070613145828247,3.5354185104370117,1.8565185070037842,22.645414132959825,25.90623784992224,No
18,5.706708908081055,3.0590295791625977,3.4745936393737793,1.8404793739318848,22.88885496378792,21.152735590007776,No
19,5.970184803009033,3.051701545715332,3.613738536834717,1.8210296630859375,24.620052866220277,33.11475140940902,No
20,6.131562232971191,3.0533268451690674,3.715665817260742,1.833855390548706,23.357357286827003,33.050690124416796,No
21,5.8787736892700195,2.9487738609313965,3.5685408115386963,1.788112998008728,20.960000170811696,26.789745941874028,No
22,5.453866958618164,2.9609429836273193,3.3094611167907715,1.8030917644500732,21.67977504099481,22.933930914657854,No
23,5.164348125457764,2.973036289215088,3.1332833766937256,1.8032761812210083,21.669024579803224,25.802142058709176,No
24,5.402939796447754,2.920562744140625,3.2866249084472656,1.7757151126861572,20.088219971303634,21.921549985419908,No
25,5.692843437194824,2.954270839691162,3.467055320739746,1.790680170059204,22.439376793522822,21.188191035672627,No
26,5.707579612731934,2.832022190093994,3.490506649017334,1.7394932508468628,22.452879458185297,18.819425544323483,Yes
27,5.787532806396484,2.9138946533203125,3.513185501098633,1.7621264457702637,19.779827992620934,21.372636809875583,No
28,5.336761474609375,2.913205862045288,3.2401185035705566,1.7735435962677002,20.167843843946432,29.698170805793158,No
29,5.669252395629883,2.8821346759796143,3.4347095489501953,1.7355947494506836,24.144126639792294,29.5639762344479,No
30,5.694672584533691,2.8733229637145996,3.47956919670105,1.7409565448760986,20.286985002732987,23.569120273619752,No
31,5.10892915725708,2.9063496589660645,3.1147708892822266,1.7714821100234985,18.351741852282043,22.975253329121305,No
32,4.883101940155029,2.9356820583343506,2.949674367904663,1.7861442565917969,18.748676209346815,30.531957742029547,No
33,4.86430549621582,2.9002532958984375,2.9609909057617188,1.7631248235702515,17.936942726837934,25.185914414852256,No
34,5.408199310302734,2.841886043548584,3.2665579319000244,1.7214380502700806,19.794951233260452,34.83321588258165,No
35,5.974609375,2.8538317680358887,3.605313777923584,1.7423057556152344,22.129240400382617,27.48315695470451,No
36,5.744595527648926,2.85664439201355,3.4975972175598145,1.7281570434570312,22.082429454769063,19.064538175544325,No
37,5.765818119049072,2.894002676010132,3.5007832050323486,1.7774995565414429,20.539051824268928,20.776951909992224,No
38,5.7095561027526855,2.7894887924194336,3.4511122703552246,1.6736966371536255,22.90739016807871,18.1157720159409,Yes
39,5.214973449707031,2.790905714035034,3.1562721729278564,1.690814733505249,16.98644929454769,20.073611246111977,No
40,5.383153438568115,2.8098602294921875,3.2494194507598877,1.669905662536621,18.868235856791472,31.143884258359254,No
41,5.194781303405762,2.8448991775512695,3.1402101516723633,1.7170581817626953,17.99619730459142,24.469158546364696,No
42,5.547829627990723,2.801661491394043,3.362335443496704,1.6873953342437744,18.363715752254713,19.994778504082426,No
43,5.044821739196777,2.855837345123291,3.0619876384735107,1.7306632995605469,17.249632754851053,23.522620407270608,No
44,5.137111186981201,2.828418254852295,3.1193692684173584,1.7068276405334473,16.659249880431812,21.958300933125972,No
45,4.613991737365723,2.787767171859741,2.7955708503723145,1.6943769454956055,17.463006456682155,21.092436272842146,No
46,4.899331569671631,2.755560874938965,2.9503464698791504,1.6654558181762695,16.67149601154687,28.248438715007776,No
47,4.453712463378906,2.7783966064453125,2.686445951461792,1.6730295419692993,16.829431709483465,25.568222686625194,No
48,5.373408317565918,2.805121421813965,3.2507245540618896,1.6870527267456055,18.841687448756492,29.513140309097977,No
49,4.893950939178467,2.762458324432373,2.9529972076416016,1.6607961654663086,16.595880875922383,17.697209430890357,Yes
50,5.152878284454346,2.783057928085327,3.124319076538086,1.676369309425354,18.92592110207707,18.368703222200622,No
51,5.005542755126953,2.7538633346557617,3.04416561126709,1.6828795671463013,17.937813866493578,20.7670404840591,No
52,5.394726276397705,2.7323195934295654,3.29911470413208,1.6466195583343506,17.6819646334381,23.28493451108087,No
53,4.665163993835449,2.900594711303711,2.835322856903076,1.7387666702270508,16.527828428190762,23.331848998833593,No
54,4.994637966156006,2.7772233486175537,3.032681703567505,1.6753982305526733,15.986702309374145,24.481270655132192,No
55,5.086427211761475,2.802785873413086,3.0780272483825684,1.6753437519073486,17.41168821740913,23.90942117029549,No
56,5.169018745422363,2.752650737762451,3.136603355407715,1.6683263778686523,15.677360190625855,30.613129374027995,No
57,4.838438987731934,2.704746723175049,2.9368326663970947,1.6383726596832275,15.565712327480187,20.798449953829703,No
58,5.105182647705078,2.7424397468566895,3.0964627265930176,1.6725454330444336,16.44053724549057,23.99828076399689,No
59,5.0972490310668945,2.728912830352783,3.060945510864258,1.6406525373458862,20.923258574747198,22.246711885206064,No
60,4.855030536651611,2.789364814758301,2.9365618228912354,1.6702996492385864,17.682785597157693,28.179614599533437,No
61,4.908627986907959,2.731727361679077,2.9753124713897705,1.6328864097595215,17.28087101154687,21.806511530423794,No
62,4.334664821624756,2.660903215408325,2.624692916870117,1.6148388385772705,14.558368492074337,18.1498453902605,No
63,4.575476169586182,2.733670949935913,2.7633275985717773,1.640161395072937,15.311485805547964,18.424526754471227,No
64,4.815920829772949,2.7055699825286865,2.906785488128662,1.659205436706543,15.293859105971578,18.146911146481337,No
65,4.957372665405273,2.7471837997436523,2.9991443157196045,1.6664707660675049,15.474765774460234,18.8969840469479,No
66,4.939683437347412,2.6542773246765137,2.980220317840576,1.6171185970306396,16.988192641432086,15.499837492709954,Yes
67,4.548681735992432,2.7454254627227783,2.7440738677978516,1.6752409934997559,16.10525843809784,18.103126822511665,No
68,4.939033508300781,2.650057554244995,2.9993937015533447,1.6036897897720337,15.89420243748292,22.438098391329703,No
69,5.118000030517578,2.6816816329956055,3.0976879596710205,1.6425120830535889,16.276910315318393,18.739856203829703,No
70,4.465248107910156,2.6726410388946533,2.7106425762176514,1.6272234916687012,15.996689455793932,17.430500036450233,No
71,5.0288777351379395,2.659703254699707,3.0378129482269287,1.6066954135894775,15.010831596747746,16.073034117418352,No
72,4.992234706878662,2.681086540222168,3.025247097015381,1.6151149272918701,14.674983772888767,16.763489623833593,No
73,4.777251243591309,2.7757151126861572,2.8880836963653564,1.6816970109939575,15.400505389109046,24.6323356094479,No
74,4.582208633422852,2.7138302326202393,2.7672038078308105,1.6247401237487793,15.027163330144848,18.43653406881804,No
75,4.9378132820129395,2.6200287342071533,2.991132974624634,1.5800535678863525,15.166749581511342,16.68995127818818,No
76,4.900327205657959,2.7712278366088867,2.981987953186035,1.6524271965026855,16.107013528286416,18.79689474387636,No
77,4.734331130981445,2.647515296936035,2.876192092895508,1.5918821096420288,13.751432683110139,17.990623177488335,No
78,4.4928436279296875,2.664414882659912,2.721604585647583,1.6063592433929443,14.31452945647718,22.42921364696734,No
79,4.797039985656738,2.6713874340057373,2.902491569519043,1.6256922483444214,16.021244704837386,16.846085852449455,No
80,4.950434684753418,2.7169923782348633,2.969121217727661,1.6287709474563599,18.555289611232578,20.022586994556764,No
81,4.576668739318848,2.7123641967773438,2.756063461303711,1.6355466842651367,14.564451523640338,17.963455603615863,No
82,4.419449806213379,2.783541440963745,2.6776680946350098,1.6794847249984741,14.815200959961738,21.394385449066874,No
83,4.8916730880737305,2.694040298461914,2.9613685607910156,1.607443928718567,14.55297938302815,17.587222370723172,No
84,4.818018913269043,2.715237855911255,2.9138967990875244,1.6134555339813232,14.889338574405576,29.06696819109642,No
85,4.683132648468018,2.7227377891540527,2.83542537689209,1.6363824605941772,14.460132549877015,26.050860225505442,No
86,4.695313930511475,2.780198097229004,2.858959913253784,1.6590359210968018,16.226939353306914,23.837504860031103,No
87,4.73631477355957,2.710275173187256,2.8658125400543213,1.6216074228286743,14.173668522820442,17.233758383553656,No
88,4.649506568908691,2.6369400024414062,2.8223211765289307,1.5787104368209839,13.07750367245149,16.632478372861588,No
89,4.921359062194824,2.642152786254883,2.9818131923675537,1.5975688695907593,14.485940062175457,26.30439893565319,No
90,4.592093467712402,2.6902902126312256,2.7819271087646484,1.628913164138794,14.644293181197048,19.696011129471227,No
91,4.454610824584961,2.6374623775482178,2.692133903503418,1.5703984498977661,13.836970910767969,19.241850335342146,No
92,4.401047706604004,2.6439316272735596,2.65341854095459,1.588046908378601,13.712227128313748,22.31468397647745,No
93,4.602319717407227,2.7316060066223145,2.797433614730835,1.6210405826568604,12.917443504031157,18.812554675349922,No
94,4.587689399719238,2.6854088306427,2.773815631866455,1.6143218278884888,14.00535921699918,29.07940075816485,No
95,4.408353805541992,2.662619113922119,2.669083595275879,1.591647982597351,14.718433998360208,21.220724387636082,No
96,4.409242153167725,2.6668903827667236,2.65836763381958,1.6030546426773071,15.106400741322766,16.691474594187405,No
97,4.717445373535156,2.6776225566864014,2.8502933979034424,1.594750165939331,14.299158538876743,18.694434656881803,No
98,4.274299621582031,2.6003434658050537,2.587791681289673,1.5533559322357178,12.678679710986609,15.773864271481337,No
99,4.887284278869629,2.630627155303955,2.959890127182007,1.5878384113311768,14.185149204017492,15.887080214813375,No
100,4.529970169067383,2.726205825805664,2.754493474960327,1.6386899948120117,14.415096978341078,21.36641293254277,No
101,4.566435813903809,2.6033434867858887,2.760436534881592,1.5582726001739502,14.62696753723695,18.455222407173405,No
102,4.8503642082214355,2.5971908569335938,2.9277234077453613,1.5440787076950073,14.54603588753758,16.9858360468507,No
103,4.750497341156006,2.755526542663574,2.876436710357666,1.6610485315322876,15.562201079529926,19.862699565027217,No
104,4.551793098449707,2.6134796142578125,2.761625051498413,1.564185619354248,14.009268669718502,20.321497132581648,No
105,4.223353385925293,2.66070556640625,2.555328369140625,1.6045650243759155,13.656206229502596,20.282369325913685,No
106,4.189725399017334,2.6427388191223145,2.5333104133605957,1.575556755065918,12.419939489956272,20.744331988724728,No
107,4.175868511199951,2.559007406234741,2.530561685562134,1.5393697023391724,14.08127327309374,15.412554371597977,Yes
108,4.656428337097168,2.710299253463745,2.815896987915039,1.6406490802764893,14.320651988248155,21.067581770023327,No
109,4.705085754394531,2.6270108222961426,2.852463960647583,1.5872747898101807,14.166654567504782,18.425565586119752,No
110,4.539392471313477,2.5757837295532227,2.7344284057617188,1.551666259765625,14.451965615605356,21.94500571053655,No
111,4.538181304931641,2.5407657623291016,2.7414989471435547,1.535649061203003,15.059525741322766,13.79273030472395,Yes
112,4.661993980407715,2.5819053649902344,2.821840763092041,1.5824564695358276,14.606729553839847,20.84721580968118,No
113,4.548480987548828,2.61116099357605,2.7396888732910156,1.5745213031768799,13.266011461464881,17.751382071345258,No
114,4.524895668029785,2.660492420196533,2.743743419647217,1.5977728366851807,13.712960551038535,21.132668217826595,No
115,4.383297443389893,2.576381206512451,2.6525979042053223,1.556572675704956,12.453201865263733,18.624044700136082,No
116,4.142639636993408,2.6475119590759277,2.51427960395813,1.5964220762252808,12.733754740024597,25.325606896384137,No
117,4.447007656097412,2.5447802543640137,2.6849186420440674,1.54701828956604,15.982643396419787,15.626404852741057,No
118,4.400219917297363,2.624652147293091,2.71353816986084,1.5865398645401,13.045052652705657,17.50290234982504,No
119,4.182898044586182,2.6211345195770264,2.5488646030426025,1.5864496231079102,12.444259872916097,17.13817372181182,No
120,4.228644847869873,2.515486717224121,2.5632333755493164,1.5209782123565674,13.317344646761411,16.49875765454899,No
121,4.021185398101807,2.5809173583984375,2.4426989555358887,1.5442595481872559,12.155532590871823,18.767011627624417,No
122,4.320314407348633,2.488293170928955,2.6095728874206543,1.4962130784988403,12.071809237496584,15.707629641329705,No
123,4.782370567321777,2.490720272064209,2.886702537536621,1.495086908340454,14.654947560808964,14.585782586508554,No
124,4.1238484382629395,2.5529561042785645,2.494828224182129,1.5256555080413818,13.592551115400383,16.756758480754275,No
125,4.356385231018066,2.5396480560302734,2.6283740997314453,1.5300456285476685,13.261756115058759,18.41968494848367,No
126,5.016729354858398,2.494490623474121,3.0416817665100098,1.5030268430709839,13.746041438917738,16.787473877332815,No
127,4.655219078063965,2.607591152191162,2.826432228088379,1.5573723316192627,12.934914337933861,28.270433393273716,No
128,4.270450115203857,2.6329505443573,2.591195821762085,1.575932502746582,13.189575362120799,16.330682591368586,No
129,4.133715629577637,2.574636936187744,2.4980154037475586,1.5622771978378296,12.964176516807871,15.862350250291602,No
130,4.34810209274292,2.499910831451416,2.620997905731201,1.5004432201385498,13.127266457707023,20.78640618924961,No
131,4.427548408508301,2.6200032234191895,2.6810152530670166,1.5670230388641357,13.300207963241323,15.73193890940902,No
132,4.160168647766113,2.662881374359131,2.5151400566101074,1.6067512035369873,13.891803600710576,18.752015394148522,No
133,4.174726963043213,2.5655517578125,2.5266594886779785,1.530527114868164,12.471080512093469,19.31326241737947,No
134,4.383652687072754,2.5844948291778564,2.650212049484253,1.5425329208374023,12.837001870388084,17.40114392982115,No
135,4.35360050201416,2.5800726413726807,2.6351137161254883,1.5582621097564697,12.655992714881116,18.05908279062986,No
136,4.013114929199219,2.5560622215270996,2.4307334423065186,1.5493956804275513,12.374393618474993,13.802412397939348,No
137,4.523608684539795,2.5451061725616455,2.7509267330169678,1.5342631340026855,12.406014066343262,20.846880163783048,No
138,3.901650905609131,2.5416688919067383,2.3614914417266846,1.516180396080017,12.652834833629408,15.434070640552099,No
139,4.76949405670166,2.6607980728149414,2.8737423419952393,1.5651614665985107,13.191010180377152,20.54273486100311,No
140,4.339231967926025,2.499680757522583,2.6238882541656494,1.502571702003479,12.578732449098114,13.797514397842146,No
141,4.249083042144775,2.5371787548065186,2.5632548332214355,1.5191419124603271,13.670485019814157,23.16623888267885,No
142,4.247866153717041,2.633988380432129,2.5644736289978027,1.5761494636535645,13.257391876195681,24.25929784700622,No
143,4.182867527008057,2.558133125305176,2.5308408737182617,1.530824065208435,12.32514540345723,14.59497260157465,No
144,4.066329479217529,2.5995004177093506,2.454094886779785,1.5589079856872559,12.004485942197322,22.437691363724728,No
145,4.038747787475586,2.533782958984375,2.4367380142211914,1.5183727741241455,12.007177294001092,16.859888340785382,No
146,4.496076583862305,2.594261646270752,2.780167818069458,1.6515491008758545,12.597988265236403,13.636100614793934,Yes
147,4.551137447357178,2.7124109268188477,2.7931246757507324,1.660492181777954,14.179669351257173,24.848602437305598,No
148,4.537592887878418,2.5454261302948,2.758234977722168,1.5196419954299927,13.607965803498223,19.437334455190513,No
149,4.2339324951171875,2.483877420425415,2.5596091747283936,1.5035350322723389,13.725925158854878,15.400492381901245,No
150,4.7917609214782715,2.5455377101898193,2.90740704536438,1.5444483757019043,12.654944358089642,16.628345827663296,No
151,4.414595603942871,2.4840242862701416,2.676267623901367,1.4951732158660889,11.311020343673135,13.771654476088647,No
152,3.6662850379943848,2.4728541374206543,2.2156124114990234,1.4893243312835693,11.21485229058486,16.53806619362364,No
153,3.8547821044921875,2.4968464374542236,2.3352370262145996,1.5215678215026855,10.803383993235856,15.071313362655522,No
154,4.056829452514648,2.5867769718170166,2.4577198028564453,1.5577785968780518,10.889000153730528,20.288652434875583,No
155,3.9363961219787598,2.6183230876922607,2.3852882385253906,1.5638446807861328,11.009395710918284,21.286996986780714,No
156,4.067946434020996,2.5943307876586914,2.4663827419281006,1.558526635169983,10.410932375649084,17.042601210147744,No
157,4.33181619644165,2.568584442138672,2.6104815006256104,1.5513685941696167,12.863718954974036,19.703210050544325,No
158,4.209903717041016,2.5068612098693848,2.5558595657348633,1.5013896226882935,12.156161391432086,20.093551042476673,No
159,3.7185420989990234,2.5411763191223145,2.2582967281341553,1.5211710929870605,11.162555086772342,15.26146663588647,No
160,4.213047027587891,2.5373802185058594,2.555180549621582,1.5253554582595825,13.501507413227658,16.500092644342924,No
161,4.213210582733154,2.524326801300049,2.5473601818084717,1.5128042697906494,11.899288355766602,18.087023413199844,No
162,4.6358442306518555,2.555325508117676,2.7969655990600586,1.5275826454162598,11.708588839163706,24.174186552293936,No
163,4.19102144241333,2.759211301803589,2.5241458415985107,1.6314172744750977,13.912422707707023,21.862945604101867,No
164,4.153567790985107,2.645045518875122,2.515169143676758,1.5774428844451904,11.454267303224924,19.033801516329703,No
165,4.012068271636963,2.571897029876709,2.4275450706481934,1.5375220775604248,11.62588501810604,21.421045757192847,No
166,4.230192184448242,2.5719399452209473,2.5642776489257812,1.5385832786560059,11.629020480322492,18.83375352352255,No
167,4.287661552429199,2.5692050457000732,2.6071290969848633,1.5478055477142334,14.869757148469526,14.843605717826595,No
168,4.033740043640137,2.680319309234619,2.450951099395752,1.615404725074768,10.91183554249795,18.337895181279162,No
169,3.7367756366729736,2.571174144744873,2.271113872528076,1.542620301246643,10.545724156190216,17.603960621597977,No
170,4.352288246154785,2.549955129623413,2.624307870864868,1.5357791185379028,12.97245874897513,14.902570045198289,No
171,4.662603378295898,2.598318576812744,2.8312296867370605,1.5414879322052002,11.488188371139655,22.003821199455675,No
172,4.40836238861084,2.6698246002197266,2.6756904125213623,1.5422306060791016,11.786217417668762,22.215861319012443,No
173,3.719594955444336,2.5757689476013184,2.2557291984558105,1.550184965133667,11.753193111164252,20.50631804043546,No
174,4.145086288452148,2.5888636112213135,2.518812656402588,1.5746886730194092,10.756021112325772,17.445724083884137,No
175,4.355058193206787,2.4833791255950928,2.6409616470336914,1.491040825843811,12.208267499658376,16.945464375972005,No
176,4.149069786071777,2.607184886932373,2.5015385150909424,1.5587131977081299,12.715152278628041,22.330018893370916,No
177,4.057981491088867,2.636162281036377,2.451399326324463,1.5757015943527222,11.095265953812516,25.346796631998444,No
178,4.12580680847168,2.494516372680664,2.496666193008423,1.5126190185546875,13.744546836567368,19.58494423114308,No
179,4.19122838973999,2.517320156097412,2.546522378921509,1.5195600986480713,12.893738043181196,16.42336794080482,No
180,4.123411178588867,2.5928821563720703,2.491319179534912,1.5649327039718628,13.031237189122711,20.847249222395025,No
181,4.05066442489624,2.5024428367614746,2.455517053604126,1.5085179805755615,11.748144557939328,15.705176844381803,No
182,4.11216402053833,2.5250039100646973,2.4965999126434326,1.523268699645996,12.056637956067231,24.28101611100311,No
183,4.316806793212891,2.566026449203491,2.633075475692749,1.5336143970489502,11.745419043796119,26.734703052099533,No
184,4.300669193267822,2.555757761001587,2.6061830520629883,1.5360474586486816,12.12533735310194,17.15044226283048,No
185,3.958697557449341,2.5055482387542725,2.3950910568237305,1.517713189125061,12.373588668352008,15.304145302779938,No
186,3.9537534713745117,2.545116424560547,2.3896260261535645,1.519087553024292,12.435817504782728,20.04973482455288,No
187,3.8834495544433594,2.5030322074890137,2.35172700881958,1.498042345046997,11.057936124965838,23.438569206842924,No
188,3.9612083435058594,2.496098279953003,2.4174327850341797,1.5121660232543945,11.288039764963104,14.815704583009332,No
189,4.11928653717041,2.5170910358428955,2.4963364601135254,1.496546983718872,11.744638647854606,15.780446576108087,No
190,3.9409704208374023,2.4446864128112793,2.3783841133117676,1.486177921295166,11.575615135624487,21.852698532270608,No
191,3.9084808826446533,2.539348840713501,2.3603670597076416,1.5244505405426025,10.960463497540312,16.264545161839035,No
192,4.438810348510742,2.5742039680480957,2.692166328430176,1.5427132844924927,11.562068700464607,17.73927755637636,No
193,4.198032379150391,2.4895224571228027,2.551072120666504,1.485392689704895,11.695763015851325,18.117325707134526,No
194,4.01780891418457,2.386838436126709,2.450793743133545,1.442610502243042,11.86445451284504,14.36572341562986,No
195,4.015323638916016,2.510301113128662,2.431386709213257,1.5113945007324219,12.40612189122711,16.18622576059487,No
196,4.600580215454102,2.540518283843994,2.7826316356658936,1.5133724212646484,13.292728546050833,14.925632411547435,No
197,3.9192585945129395,2.4732437133789062,2.392859935760498,1.4942654371261597,10.861127955042361,18.91941309049378,No
198,3.662515640258789,2.56158185005188,2.2122690677642822,1.5236190557479858,11.191914414799125,19.739271481337482,No
199,4.082257270812988,2.525357246398926,2.4664578437805176,1.5330358743667603,12.465687132754852,16.162463246014774,No
200,3.9974608421325684,2.572998046875,2.4067864418029785,1.5328277349472046,13.200270309510795,16.437793120625972,No
201,4.054015159606934,2.4514946937561035,2.4505367279052734,1.4786124229431152,9.39139899050287,14.39109125923406,No
202,3.8426952362060547,2.490856647491455,2.331022262573242,1.4995248317718506,7.710119738999727,16.502076144537327,No
203,3.777921199798584,2.489414691925049,2.298457622528076,1.4910485744476318,7.967645595620388,15.770904208786936,No
204,3.8009283542633057,2.491999864578247,2.305194854736328,1.4931812286376953,7.85156677029243,15.872844879957231,No
205,4.246075630187988,2.502725839614868,2.579267740249634,1.500810980796814,7.724585354605083,15.497498602741057,No
206,3.803703546524048,2.512453079223633,2.306513786315918,1.4984323978424072,7.092724596030336,14.968576861391913,No
207,3.858795166015625,2.4838621616363525,2.340191125869751,1.5025081634521484,7.508007865878655,16.903177549086315,No
208,3.7215702533721924,2.4928367137908936,2.2590107917785645,1.4935487508773804,7.250123304693905,15.09060009234059,No
209,4.015015125274658,2.513511896133423,2.4332163333892822,1.499510645866394,7.2147668847362665,15.958074637927682,No
210,3.6033482551574707,2.4786128997802734,2.1865596771240234,1.481852650642395,7.635218809784094,15.54812038297045,No
211,4.291693687438965,2.5057015419006348,2.603287696838379,1.4930064678192139,7.3006211140338895,16.85597297822706,No
212,3.771662473678589,2.5144307613372803,2.2884328365325928,1.502518892288208,7.256041930001366,14.479789864405133,No
213,4.000180244445801,2.4964938163757324,2.425577163696289,1.501418948173523,7.3989344552814975,15.619886336022551,No
214,3.6148009300231934,2.5113353729248047,2.194003105163574,1.505151391029358,6.944728003723695,15.916392277410575,No
215,3.8927159309387207,2.486837148666382,2.3646345138549805,1.491525411605835,7.751777509223832,15.101149397356144,No
216,3.7729649543762207,2.549236297607422,2.290222406387329,1.5186665058135986,7.147342169991801,14.672196977060652,No
217,3.806980609893799,2.521171808242798,2.306123971939087,1.5063542127609253,7.571451600505602,14.838214120820373,No
218,4.028448581695557,2.5662856101989746,2.4432413578033447,1.5331549644470215,7.635144079666576,18.600421911450233,No
219,3.6888904571533203,2.546447992324829,2.2422986030578613,1.5197436809539795,6.930979263459962,16.296504422628306,No
220,3.831228017807007,2.5374441146850586,2.3283612728118896,1.5087497234344482,7.009331656531839,14.996540265357698,No
221,3.7454404830932617,2.5202488899230957,2.2687339782714844,1.49680757522583,7.395380504406941,14.580737266718508,No
222,3.731293201446533,2.490787982940674,2.2655587196350098,1.4862096309661865,7.022362453880842,14.685407149105755,No
223,3.7554659843444824,2.5201151371002197,2.2787792682647705,1.5006799697875977,7.837648285904619,15.124472990377138,No
224,3.7340614795684814,2.5315473079681396,2.261837959289551,1.5100340843200684,7.394065254338617,14.90820008748056,No
225,4.029112815856934,2.4979965686798096,2.445061683654785,1.4944828748703003,7.35238132857338,15.711262514580094,No
226,3.839751720428467,2.5370328426361084,2.326586961746216,1.5112820863723755,6.997785853375239,15.678041164463453,No
227,3.9045677185058594,2.4851114749908447,2.3765547275543213,1.4787571430206299,7.272688063678601,17.086784967923794,No
228,3.7149980068206787,2.538358211517334,2.2561118602752686,1.5049711465835571,6.976547553976497,15.885528042379471,No
229,3.6964569091796875,2.5106770992279053,2.241490125656128,1.5041245222091675,7.11881768413501,14.625560422336703,No
230,4.13320255279541,2.5130200386047363,2.5051534175872803,1.5005285739898682,7.888357474719869,15.361279524688959,No
231,3.900869369506836,2.503246545791626,2.36572003364563,1.4867243766784668,6.871298724036622,15.311224241835149,No
232,3.9712600708007812,2.5233912467956543,2.4085283279418945,1.5021545886993408,7.197108691753211,15.289335876749611,No
233,3.868635654449463,2.501023769378662,2.3449316024780273,1.4920790195465088,6.967785981484012,14.613979879471229,No
234,3.6548097133636475,2.4983904361724854,2.217966079711914,1.4906412363052368,6.9998094382003275,16.948354575719286,No
235,3.6507530212402344,2.5530383586883545,2.2115964889526367,1.5159382820129395,6.700016227111233,15.997624659797824,No
236,3.5813398361206055,2.532965898513794,2.1754024028778076,1.5002882480621338,7.5099673963172995,15.861697183611975,No
237,3.8274381160736084,2.4920170307159424,2.3185489177703857,1.4847345352172852,7.670285383643072,14.940546631998444,No
238,4.082244396209717,2.494781255722046,2.482384204864502,1.4817047119140625,7.544434527876469,15.251541541115863,No
239,3.7305262088775635,2.4760208129882812,2.2585535049438477,1.4727729558944702,6.75635526270839,15.471761700524883,No
240,4.309515476226807,2.5627832412719727,2.615915298461914,1.5131356716156006,7.796737283069144,16.219899701108087,No
241,3.58918833732605,2.557219982147217,2.187221050262451,1.509401798248291,6.687839488248155,15.830424402216174,No
242,4.037899494171143,2.5312793254852295,2.451343297958374,1.511810064315796,7.133976688473627,14.465287227838258,No
243,3.9461216926574707,2.5164966583251953,2.390127658843994,1.4969333410263062,6.7509127750068325,16.79104903771384,No
244,3.661832332611084,2.5076987743377686,2.2219722270965576,1.5096242427825928,7.259937504270292,17.485549001263607,No
245,3.5670418739318848,2.5145323276519775,2.1660361289978027,1.5034312009811401,6.840019899562722,14.634996476477449,No
246,3.6638455390930176,2.523496627807617,2.2220637798309326,1.5049467086791992,6.7777617048715495,17.80911012830482,No
247,3.285952091217041,2.548388719558716,1.9965929985046387,1.519787311553955,6.569549185228205,15.61496707328927,No
248,3.761960983276367,2.525838613510132,2.2836389541625977,1.5086039304733276,6.772627745798032,15.533991361294712,No
249,3.8177132606506348,2.5317468643188477,2.318953275680542,1.515771508216858,6.692432187756218,14.531550714424572,No
250,3.726090908050537,2.5805397033691406,2.2562496662139893,1.535223364830017,6.875247676960918,17.152759890163296,No
251,3.5639090538024902,2.5192456245422363,2.168928861618042,1.503008484840393,7.101242761854332,15.84522319692846,No
252,4.209701061248779,2.6113719940185547,2.549180746078491,1.546950340270996,6.699985267491118,18.579148644051322,No
253,3.8096745014190674,2.541780471801758,2.3161871433258057,1.5067846775054932,7.203044932016945,16.334066388024883,No
254,3.2435686588287354,2.501774549484253,1.9697866439819336,1.4956531524658203,6.478659213582946,14.453708203732504,No
255,3.6738667488098145,2.5455422401428223,2.2333312034606934,1.5183742046356201,7.030553942333971,15.770769039171851,No
256,3.476618766784668,2.5445549488067627,2.113508939743042,1.5105035305023193,6.964745533274119,15.0497970937014,No
257,3.9532899856567383,2.569976329803467,2.3959829807281494,1.539332628250122,7.251419872232851,16.736461775855364,No
258,3.6419215202331543,2.54323148727417,2.213603973388672,1.5248088836669922,6.770192611540038,14.759612230268274,No
259,3.61203670501709,2.5254058837890625,2.1899361610412598,1.5163824558258057,7.017447881080896,14.81249848124028,No
260,3.6783971786499023,2.557063579559326,2.2256574630737305,1.5304133892059326,7.197467930103853,16.460466684486782,No
261,3.699758291244507,2.5944342613220215,2.241882801055908,1.5488455295562744,6.991045196775075,17.15185622812986,No
262,3.8263702392578125,2.5829179286956787,2.3309459686279297,1.5425682067871094,7.460497126093195,15.595129033825817,No
263,3.600921392440796,2.579341173171997,2.1830263137817383,1.5354191064834595,6.4875360839710305,15.574999392496112,No
264,3.6092607975006104,2.5647079944610596,2.186492443084717,1.5302379131317139,6.842463040619021,17.198861841465785,No
265,3.4963619709014893,2.5402963161468506,2.1296870708465576,1.5067863464355469,7.0972591128040445,14.97117394051322,No
266,3.7175967693328857,2.5620813369750977,2.25506854057312,1.5234601497650146,6.727979169513528,15.746193988141524,No
267,3.497203826904297,2.525643825531006,2.124882459640503,1.50739324092865,6.861105536007106,15.172148376749611,No
268,3.5245137214660645,2.579517126083374,2.14070987701416,1.540335774421692,6.943606518174365,16.348303241640746,No
269,3.8669862747192383,2.5102102756500244,2.3478035926818848,1.500611424446106,6.575346107201421,13.942429894051322,No
270,4.0114970207214355,2.541611671447754,2.437082529067993,1.5050040483474731,7.662708817299809,16.000394877527217,No
271,3.6031360626220703,2.545503854751587,2.186818838119507,1.5189567804336548,6.844483422724788,15.283433976477449,No
272,3.681746006011963,2.5095863342285156,2.236924171447754,1.496143102645874,6.705366903525554,15.877253839424572,No
273,3.8912811279296875,2.515972375869751,2.365017890930176,1.4973902702331543,6.737196595722875,15.17355930452955,No
274,3.5786070823669434,2.511751174926758,2.1753945350646973,1.4984525442123413,6.722167301516808,14.610951472589425,No
275,4.136302947998047,2.5188238620758057,2.5087032318115234,1.5061981678009033,7.297816599480733,16.815737995723172,No
276,3.899888038635254,2.489851713180542,2.3692054748535156,1.4869410991668701,6.983872173066412,15.691953003499222,No
277,3.738636016845703,2.5149247646331787,2.271672487258911,1.509171724319458,6.858459022273846,14.9472352498056,No
278,3.6821322441101074,2.5419633388519287,2.240483045578003,1.5107142925262451,6.624883634531293,17.00998736391913,No
279,4.0687689781188965,2.549166202545166,2.465048313140869,1.5142179727554321,6.715720227521181,15.017760376166407,No
280,3.776348352432251,2.500317335128784,2.291449546813965,1.4883824586868286,6.636421964676141,15.242886129471229,No
281,3.5272598266601562,2.5192089080810547,2.143899917602539,1.5031540393829346,7.111248590803498,14.542201776341368,No
282,3.4532928466796875,2.5073037147521973,2.0990474224090576,1.4974678754806519,6.329912117381799,19.079564784214618,No
283,3.354862689971924,2.5180623531341553,2.0404410362243652,1.5074800252914429,6.48288893823449,14.661005236683515,No
284,3.41817569732666,2.5009818077087402,2.077791452407837,1.4949455261230469,6.733077898674501,16.038471702468897,No
285,3.954594850540161,2.5391643047332764,2.400052547454834,1.5132579803466797,6.752034794342717,14.717091514385691,No
286,3.6555941104888916,2.5392637252807617,2.2227511405944824,1.5141597986221313,7.166269707399563,15.60838628742224,No
287,3.7707769870758057,2.5057435035705566,2.2884271144866943,1.496640920639038,6.775036190728341,16.595870188569208,No
288,3.3737239837646484,2.480562210083008,2.0510754585266113,1.4800502061843872,6.501955793932768,14.63009847638025,No
289,4.266460418701172,2.472357749938965,2.5925064086914062,1.4795268774032593,7.080773648879475,13.7875710779549,No
290,3.5495667457580566,2.530655860900879,2.164048671722412,1.5016393661499023,6.224218109456135,15.023085147744945,No
291,3.681682586669922,2.549421787261963,2.234480142593384,1.511904001235962,6.578621421494944,15.669091113433126,No
292,3.687776565551758,2.488326072692871,2.2410221099853516,1.484673023223877,6.747406331135556,13.872185738238725,No
293,3.484467029571533,2.533839464187622,2.1187596321105957,1.5091471672058105,6.445263391637059,17.198817797433904,No
294,3.6061229705810547,2.552635669708252,2.191988229751587,1.5094149112701416,7.073525895053293,17.167859399300156,No
295,4.019566535949707,2.4595673084259033,2.4382944107055664,1.4760092496871948,6.700277248735993,14.308528443332037,No
296,3.7506508827209473,2.528555393218994,2.2793478965759277,1.500096321105957,7.520454166951353,17.163684328829703,No
297,3.811314582824707,2.558838129043579,2.3142480850219727,1.522727370262146,6.607714390031429,15.957881755443236,No
298,3.550421953201294,2.538072109222412,2.163200855255127,1.509908676147461,6.959672425867724,15.006125157951011,No
299,3.3579630851745605,2.5127553939819336,2.043985366821289,1.4939230680465698,6.979150297212353,16.899614538783048,No
300,3.5538761615753174,2.5319886207580566,2.1550817489624023,1.5077131986618042,6.63426546699918,17.61548800787325,No
